Team ID,Team Name,Foundation Year,Overall Rating,Defense Rating,Midfield Rating,Attack Rating,Club Worth
1,Arsenal,1886,82,81,84,83,2079200
2,Aston Villa,1874,80,80,80,79,695520
3,Blackburn Rovers,1875,70,70,69,70,39000
4,Bolton Wanderers,1874,66,65,65,67,6000
5,Chelsea,1905,81,79,81,78,2852000
7,Everton,1878,77,75,76,79,684480
8,Leeds United,1919,74,72,72,73,423096
9,Liverpool,1892,83,84,81,84,4598000
10,Manchester City,1880,85,84,87,87,4593500
11,Manchester United,1878,82,82,84,82,4798500
12,Middlesbrough,1876,71,71,71,67,84000
13,Newcastle United,1892,81,82,81,80,730480
14,Nottingham Forest,1865,76,75,76,76,172500
15,Queens Park Rangers,1882,69,69,69,67,28000
17,Southampton,1885,74,74,74,73,395000
18,Tottenham Hotspur,1882,81,79,82,83,2576000
19,West Ham United,1895,78,77,77,77,993600
21,Bayern München,1900,84,83,85,84,3820100
22,Borussia Dortmund,1909,81,80,81,83,1701909
23,Borussia M'gladbach,1900,76,75,76,75,303990
25,SC Freiburg,1904,76,77,77,76,278690
27,Hansa Rostock,1965,68,67,68,69,12850
28,Hamburger SV,1887,71,69,72,72,156410
29,1. FC Kaiserslautern,1900,69,69,68,71,15150
31,1. FC Köln,1948,74,74,74,72,136520
32,Bayer 04 Leverkusen,1904,80,80,81,80,465129
33,TSV 1860 München,1899,65,64,65,65,5580
34,FC Schalke 04,1904,71,71,68,71,319090
36,VfB Stuttgart,1893,74,75,75,74,279120
38,Werder Bremen,1899,74,74,74,76,151700
44,Inter,1908,82,81,82,83,1000000
45,Juventus,1897,81,79,80,82,2000000
47,Milan,1899,81,81,80,80,1200000
50,Parma,1913,70,67,69,74,71000
54,Torino,1906,75,76,74,76,125000
55,Udinese,1896,74,74,73,77,160000
57,AJ Auxerre,1905,68,68,68,69,60000
58,SC Bastia,1905,66,66,67,64,20000
59,Girondins de Bordeaux,1881,70,70,69,68,70000
62,En Avant Guingamp,1912,66,66,65,69,40000
64,RC Lens,1906,76,78,76,75,160000
65,LOSC Lille,1944,76,75,75,76,200000
66,Olympique Lyonnais,1950,76,76,76,77,734000
68,FC Metz,1932,70,70,68,71,70000
69,AS Monaco,1924,76,75,76,81,430000
70,Montpellier HSC,1974,74,73,74,78,110000
71,FC Nantes,1943,73,72,73,73,150000
72,OGC Nice,1904,76,76,76,77,200000
73,Paris Saint-Germain,1970,84,83,81,87,4210000
74,Stade Rennais,1901,77,74,78,77,180000
76,RC Strasbourg,1906,73,73,73,74,130000
77,Aberdeen,1903,67,65,66,70,8500
78,Celtic,1888,74,73,75,74,80000
80,Heart of Midlothian,1874,70,68,68,71,8200
81,Hibernian,1875,67,65,68,65,8000
82,Kilmarnock,1869,63,64,62,64,3800
83,Motherwell,1886,63,62,63,60,4100
86,Rangers,1872,74,74,73,72,60000
88,Birmingham City,1875,68,68,69,68,22000
89,Charlton Athletic,1905,66,64,65,66,6500
91,Derby County,1884,67,67,67,66,10000
92,Grimsby Town,1878,61,62,62,61,2150
94,Ipswich Town,1878,68,68,69,67,8950
95,Leicester City,1884,76,75,76,73,548520
97,Millwall,1885,70,71,70,72,22000
106,Sunderland,1879,69,69,67,57,19500
109,West Bromwich Albion,1878,71,70,72,69,141000
110,Wolverhampton Wanderers,1877,77,75,77,78,416500
111,OTP Generics,1800,0,0,0,0,0
112,OTP Generics,2000,0,0,0,0,0
121,Crewe Alexandra,1877,60,60,61,62,1975
127,Shrewsbury Town,1886,64,64,63,63,3000
142,Doncaster Rovers,1879,61,62,61,62,2000
143,Exeter City,1901,63,63,63,63,3200
144,Fulham,1879,77,76,77,77,228500
149,Lincoln City,1884,64,63,64,65,3900
159,Arminia Bielefeld,1905,64,63,64,67,15970
160,VfL Bochum,1938,73,73,73,73,66320
165,SpVgg Greuther Fürth,1903,68,66,68,67,28600
166,Hertha BSC,1892,73,71,72,72,260520
169,1. FSV Mainz 05,1905,75,74,75,76,129020
171,1. FC Nürnberg,1900,69,67,67,65,56400
172,SpVgg Unterhaching,1925,62,63,61,63,3780
175,VfL Wolfsburg,1945,76,75,78,76,349110
180,Dundee FC,1893,62,62,62,60,3800
189,Bologna,1909,75,73,75,80,130000
191,RB Salzburg,1933,72,73,72,68,240000
205,Venezia,1907,70,69,69,72,43000
206,Hellas Verona,1903,73,73,74,73,89000
209,Sturm Graz,1909,70,70,71,69,62000
210,SM Caen,1913,69,69,68,72,34000
211,Dinamo Zagreb,1911,73,73,72,72,98000
217,FC Lorient,1926,73,73,72,73,100000
219,Olympique de Marseille,1899,78,79,78,77,458000
229,Anderlecht,1908,72,71,70,72,120000
230,Antwerp,1880,73,72,73,74,120000
231,Club Brugge,1891,74,72,74,75,184000
232,Standard Liège,1898,69,69,69,67,82000
234,Benfica,1904,78,77,80,78,320000
236,FC Porto,1893,78,77,78,79,240000
237,Sporting CP,1906,77,78,76,78,220000
240,Atlético de Madrid,1903,83,82,83,84,1190000
241,FC Barcelona,1899,84,83,84,85,4250000
243,Real Madrid,1902,85,83,85,87,4800000
244,Real Zaragoza,1932,70,70,69,70,7000
245,Ajax,1900,76,71,76,78,432000
246,Feyenoord,1908,75,76,74,74,262850
247,PSV,1913,76,75,74,76,281750
252,LASK,1908,70,69,71,69,37500
254,Rapid Wien,1899,68,68,67,73,56000
256,Austria Wien,1911,68,67,68,63,42000
260,CD Tenerife,1922,70,69,70,71,7000
263,Hajduk Split,1911,71,69,71,77,45000
266,Slavia Praha,1892,74,73,74,74,70000
267,Sparta Praha,1893,73,74,73,73,60000
269,Brøndby IF,1964,69,70,68,71,28500
270,Silkeborg IF,1917,65,66,66,64,10000
271,AGF,1880,69,69,68,70,12650
272,Odense Boldklub,1887,65,64,66,65,8900
278,AEK,1924,75,73,75,76,65000
294,ESTAC Troyes,1986,69,67,71,71,65000
298,Rosenborg BK,1917,67,67,65,67,20450
299,Lillestrøm SK,1917,66,65,67,67,11500
300,Viking FK,1899,66,65,65,68,10150
301,Widzew Łódź,1910,64,64,64,65,3500
305,Bohemians,1890,60,60,60,60,985
306,Shamrock Rovers,1899,63,63,61,64,1200
308,Universitatea Craiova,1948,67,65,67,68,6950
310,Rapid București,1923,67,67,65,67,5000
319,IFK Göteborg,1904,65,66,63,67,14050
320,Malmö FF,1910,70,70,70,71,57500
321,Halmstads BK,1914,63,64,61,62,3230
322,Grasshopper Club Zürich,1886,64,65,64,65,21000
324,Servette FC,1890,69,67,71,69,26300
325,Galatasaray,1905,78,78,78,79,195000
326,Fenerbahçe,1907,76,76,74,78,178000
327,Beşiktaş,1903,74,73,75,77,126000
347,Lecce,1908,72,72,71,73,55000
357,Morecambe,1920,60,61,59,57,2700
361,Stevenage,1976,63,64,63,62,3200
378,Stade Brestois 29,1950,72,72,73,72,92000
379,Stade de Reims,1931,74,72,75,67,120000
381,Barrow,1901,61,61,61,62,2200
383,Palmeiras,1914,76,74,77,78,111000
393,PAOK,1926,72,70,73,72,80000
417,Molde FK,1911,68,68,69,69,21000
418,Tromsø IL,1920,63,63,64,61,3900
420,Górnik Zabrze,1948,65,65,65,63,5900
422,Cork City,1984,57,55,58,59,930
423,St Patrick's Athletic,1929,61,61,61,60,977
433,AIK,1891,67,67,66,68,25300
436,Trabzonspor,1967,74,73,75,75,38000
445,Derry City,1928,61,60,62,60,990
448,Athletic Club de Bilbao,1898,79,79,79,78,250000
449,Real Betis Balompié,1907,79,78,79,83,175000
450,RC Celta de Vigo,1923,76,75,77,77,110000
452,RCD Espanyol,1900,75,75,74,76,55000
453,RCD Mallorca,1916,75,75,75,77,8000
456,Racing de Santander,1913,68,68,68,66,4400
457,Real Sociedad,1909,79,78,81,80,150000
459,Real Sporting de Gijón,1905,69,71,68,68,17000
461,Valencia CF,1919,75,77,74,74,530000
462,Real Valladolid,1928,73,73,73,73,11000
463,Deportivo Alavés,1921,71,70,72,71,13000
467,SD Eibar,1940,72,71,72,72,29000
468,Elche CF,1923,72,71,72,77,5000
472,UD Las Palmas,1949,74,73,74,73,45000
479,CA Osasuna,1920,77,77,77,77,15000
480,Rayo Vallecano,1924,76,77,76,77,10000
481,Sevilla FC,1905,80,80,81,80,540000
483,Villarreal CF,1923,79,78,80,79,370000
485,Hannover 96,1896,70,69,70,71,90115
487,VfL Osnabrück,1899,67,66,67,66,8420
489,Farense,1910,68,67,69,67,5100
492,SV Wehen Wiesbaden,1926,66,66,64,65,8980
503,Dynamo Dresden,1953,65,64,65,65,10330
506,Erzgebirge Aue,1949,64,63,64,66,9270
517,Botafogo,1904,71,70,72,71,22000
518,Chaves,1949,68,69,69,67,5600
523,1. FC Saarbrücken,1903,66,66,66,65,4700
526,Rot-Weiß Essen,1907,64,64,64,64,4100
531,Preußen Münster,1906,63,63,63,64,4240
543,Jahn Regensburg,1907,64,64,64,64,7920
561,Forest Green Rovers,1889,62,62,61,63,2800
563,Sligo Rovers,1928,59,60,58,63,947
567,Fluminense,1902,72,72,72,74,30000
570,Ternana,1925,67,68,66,70,13500
576,Holstein Kiel,1900,68,68,67,68,16850
580,SV Elversberg,1907,66,66,66,66,6990
598,São Paulo,1930,73,73,73,72,50000
605,Al Hilal,1957,75,73,78,68,330580
607,Al Ittihad,1927,76,67,77,90,290450
614,AC Ajaccio,1910,68,68,68,69,50000
621,Livingston,1995,64,63,64,64,2800
631,Ross County,1929,63,62,64,63,3500
634,Fortuna Sittard,1968,68,67,69,69,17980
645,FC Volendam,1977,65,65,66,64,13750
670,Charleroi,1904,69,67,71,69,37000
673,Genk,1988,73,73,74,73,128000
674,Gent,1900,72,71,72,73,147000
680,Sint-Truiden,1924,65,66,64,63,40000
681,Westerlo,1933,68,68,67,68,15000
687,Columbus Crew,1996,69,67,70,70,185000
688,D.C. United,1995,70,67,69,74,277000
689,New York Red Bulls,1995,68,68,67,70,261000
691,New England Revolution,1996,70,68,68,70,220500
693,Chicago Fire FC,1997,68,68,68,67,285500
694,Colorado Rapids,1995,67,67,66,69,179000
695,FC Dallas,1995,68,65,70,73,178000
696,Sporting KC,1995,69,66,70,72,292500
697,Los Angeles Galaxy,1995,70,67,69,71,432000
698,Houston Dynamo,2005,68,66,67,59,248000
700,IF Elfsborg,1904,66,67,63,66,8550
702,IFK Norrköping,1897,65,63,66,65,14700
708,Hammarby IF,1889,66,65,64,64,27900
710,Djurgårdens IF,1891,68,67,69,68,29250
711,BK Häcken,1940,68,68,69,66,17550
718,Estrela Amadora,2020,68,68,67,68,5000
741,Antalyaspor,1966,69,69,68,72,31200
744,Rio Ave,1939,70,70,69,69,16500
746,İstanbulspor,1926,65,65,64,65,10800
748,Samsunspor,1965,69,69,69,69,15000
781,Austria Lustenau,1914,64,62,64,66,7800
819,FC København,1992,72,70,75,73,70250
822,Vejle BK,1891,64,64,64,63,3250
834,Shelbourne,1895,58,58,57,59,942
837,Dundalk,1903,61,60,60,65,1050
873,Lech Poznań,1922,70,68,70,73,14000
874,Ruch Chorzów,1920,62,62,62,63,3500
894,FC Zürich,1896,67,67,68,66,24700
896,FC Basel,1893,68,67,70,66,65000
897,FC Luzern,1901,67,66,69,66,34000
898,FC St. Gallen,1879,68,67,69,66,33000
900,BSC Young Boys,1898,71,70,70,74,85000
917,Stabæk Fotball,1912,64,64,65,65,4500
918,FK Bodø/Glimt,1916,70,70,71,69,27050
919,SK Brann,1908,64,65,64,64,9550
920,Vålerenga Fotball,1913,66,65,67,64,14850
922,Strømsgodset Toppfotball,1907,64,64,64,63,6550
980,Daejeon Hana Citizen,1997,66,64,68,67,12050
982,FC Seoul,1983,68,66,70,60,20300
983,Suwon Bluewings,1995,66,65,69,64,14050
1013,San Lorenzo de Almagro,1908,72,73,71,71,107500
1035,Atlético Mineiro,1908,75,76,75,77,100000
1039,Athletico Paranaense,1924,74,76,72,74,77000
1041,Corinthians,1910,73,74,73,74,134000
1043,Flamengo,1895,76,75,76,77,364640
1048,Internacional,1909,74,75,74,71,35000
1053,Santos,1912,73,72,73,74,40000
1318,England,1863,85,83,83,86,0
1325,Belgium,1895,81,77,81,81,0
1328,Croatia,1912,79,78,82,78,0
1330,Czech Republic,1901,76,75,77,75,0
1331,Denmark,1889,79,79,80,76,0
1334,Finland,1907,70,67,70,70,0
1335,France,1904,84,83,85,85,0
1337,Germany,1900,84,84,83,84,0
1341,Iceland,1947,71,71,70,71,0
1343,Italy,1898,83,82,85,80,0
1352,Norway,1902,76,74,78,91,0
1353,Poland,1919,78,74,77,80,0
1354,Portugal,1914,84,83,84,86,0
1355,Republic of Ireland,1921,72,73,71,71,0
1356,Romania,1909,71,69,72,70,0
1359,Scotland,1873,76,76,76,70,0
1362,Spain,1909,83,82,84,81,0
1363,Sweden,1904,76,74,76,77,0
1366,Ukraine,1991,76,73,77,73,0
1367,Wales,1876,73,73,74,73,0
1369,Argentina,1893,83,83,83,85,0
1386,Mexico,1922,77,75,76,77,0
1387,United States,1913,75,74,75,76,0
1439,Kalmar FF,1910,64,64,64,64,5000
1443,Viborg FF,1896,65,65,66,64,8050
1456,Odds Ballklubb,1894,62,63,62,60,6450
1463,FK Haugesund,1993,63,63,63,64,3600
1473,Ulsan Hyundai,1983,70,69,69,72,19500
1474,Pohang Steelers,1973,67,69,67,71,10250
1477,Jeonbuk Hyundai Motors,1994,70,70,70,69,19950
1478,Jeju United,1982,67,67,64,67,11650
1480,Carlisle United,1904,63,63,63,63,2300
1516,FC Midtjylland,1999,71,71,69,69,42500
1530,Angers SCO,1919,70,69,70,70,70000
1572,Drogheda United,1919,57,56,58,56,945
1704,Yverdon-Sport,1897,64,64,64,63,6000
1713,FC Winterthur,1896,64,63,64,65,11400
1738,Le Havre AC,1894,70,71,70,68,65000
1744,Modena,1912,67,67,68,68,16500
1745,Como,1907,69,68,70,70,18000
1746,Empoli,1920,73,73,73,76,50000
1750,Cercle Brugge,1899,68,66,68,68,35000
1755,Aalesunds FK,1914,63,63,63,64,3950
1756,HamKam Fotball,1918,63,63,63,64,3200
1757,Sandefjord Fotball,1998,62,61,61,64,2850
1786,Randers FC,2003,66,67,64,66,10450
1787,Austria Klagenfurt,1920,65,67,66,63,10800
1788,FC Nordsjælland,2003,68,69,68,68,12550
1790,Portsmouth,1898,65,65,65,66,4500
1792,Norwich City,1902,72,71,72,71,145000
1793,Reading,1871,66,66,65,63,7000
1794,Sheffield United,1889,72,72,73,69,169500
1795,Watford,1881,71,69,71,70,152500
1796,Burnley,1882,74,74,74,73,178500
1797,Rotherham United,1925,67,66,67,65,4700
1798,Milton Keynes Dons,2004,63,64,63,63,2900
1799,Crystal Palace,1905,76,76,76,75,741520
1800,Coventry City,1883,70,70,72,70,16500
1801,Preston North End,1880,70,69,70,69,20000
1802,Gillingham,1893,63,63,62,64,2300
1803,Walsall,1888,62,63,60,62,2250
1804,Bradford City,1903,63,63,63,64,2400
1805,Grenoble Foot 38,1911,67,67,67,66,20000
1806,Stoke City,1863,70,69,70,70,55000
1807,Sheffield Wednesday,1867,68,68,69,67,10500
1808,Brighton & Hove Albion,1901,77,78,78,76,425000
1809,Toulouse FC,1937,72,73,71,72,98000
1814,Stade Lavallois MFC,1902,67,66,67,67,18000
1815,Clermont Foot,1990,72,71,73,71,75000
1816,Amiens SC,1901,67,66,68,66,26000
1819,AS Saint-Étienne,1919,70,71,69,69,60000
1824,Eintracht Frankfurt,1899,77,75,77,78,685830
1825,MSV Duisburg,1902,64,64,64,64,10100
1829,VfB Lübeck,1919,63,62,63,63,3150
1831,1. FC Union Berlin,1966,76,76,76,76,135000
1832,Karlsruher SC,1894,69,68,71,68,9920
1837,Sampdoria,1946,70,69,71,67,80000
1842,Cagliari,1920,71,70,71,70,65000
1843,Palermo,1900,70,69,69,71,24000
1846,FORMER Borgocalcio,1911,70,70,67,70,11000
1847,Ascoli,1898,68,68,69,68,15000
1848,Bari,1908,68,68,67,69,28000
1853,Levante UD,1909,71,71,71,70,49000
1854,Albacete Balompié,1940,68,68,69,68,2500
1860,Getafe CF,1983,76,75,77,76,45000
1861,UD Almería,1989,75,73,75,75,47000
1862,FC Lausanne-Sport,1896,66,65,67,68,15000
1871,Legia Warszawa,1916,68,67,69,68,15000
1874,Ferencvárosi TC,1899,71,70,70,70,43000
1876,River Plate,1901,76,75,77,75,240000
1877,Boca Juniors,1905,75,75,74,76,199400
1884,Panathinaikos,1908,74,73,74,74,45000
1886,Hungary,1901,74,73,72,76,0
1887,Vitória de Guimarães,1922,71,70,72,70,40500
1888,Gil Vicente FC,1924,68,66,69,65,7000
1896,Braga,1921,77,75,78,77,100000
1898,Boavista,1903,69,70,70,67,9500
1900,Moreirense,1938,68,68,68,68,7300
1903,FC Utrecht,1970,71,70,71,71,60800
1905,RKC Waalwijk,1940,66,67,64,66,15120
1906,AZ,1967,73,71,74,76,119780
1908,FC Twente,1965,70,72,70,69,69600
1909,Vitesse,1892,68,69,69,66,37640
1910,NEC Nijmegen,1900,69,68,69,68,27450
1913,sc Heerenveen,1920,68,69,68,70,41500
1914,PEC Zwolle,1910,66,67,66,66,21150
1917,Wigan Athletic,1932,65,65,64,66,9800
1919,Bristol City,1894,69,70,70,68,60000
1923,Luton Town,1885,72,72,71,72,107500
1925,Brentford,1889,77,76,76,75,220500
1926,Blackpool,1887,66,66,65,65,8000
1928,Port Vale,1876,63,64,63,63,3300
1929,Plymouth Argyle,1886,67,69,66,65,4350
1930,Northampton Town,1897,63,63,64,65,2400
1931,Stockport County,1883,64,63,64,64,2800
1932,Barnsley,1887,66,66,68,65,7200
1933,Wycombe Wanderers,1887,65,65,65,64,5500
1934,Swindon Town,1879,62,62,62,63,2075
1935,Colchester United,1937,61,61,61,60,2000
1936,Cheltenham Town,1887,63,63,63,62,3700
1937,Notts County,1862,62,61,65,62,2300
1938,Peterborough United,1934,65,65,65,67,6750
1939,Huddersfield Town,1908,68,68,67,67,43000
1940,Mansfield Town,1897,63,63,63,62,2750
1943,AFC Bournemouth,1899,74,74,74,74,215500
1944,Cambridge United,1912,63,64,63,63,3700
1947,Wrexham,1864,64,64,63,65,2500
1951,Oxford United,1893,65,66,65,64,5250
1952,Hull City,1904,70,70,71,68,15250
1958,Leyton Orient,1881,63,63,64,64,3000
1960,Swansea City,1912,69,67,70,71,98500
1961,Cardiff City,1899,69,68,70,70,70000
1962,Bristol Rovers,1883,64,64,64,65,3200
1968,Cádiz CF,1910,75,73,75,74,5000
1971,Excelsior,1902,65,65,65,64,11900
2002,Hvidovre IF,1925,61,60,62,60,3100
2013,Eupen,1945,66,65,66,66,22000
2014,Union Saint-Gilloise,1897,69,69,72,68,55000
2017,Hartberg,1946,65,65,65,64,8400
2056,Daegu FC,2002,66,65,65,69,10550
8001,RWD Molenbeek,2015,67,67,65,69,11000
10020,Estoril,1939,69,68,68,69,6800
10029,TSG 1899 Hoffenheim,1899,76,75,75,78,331100
10030,SC Paderborn 07,1907,69,69,67,71,29250
10031,Portimonense,1914,69,67,70,66,17600
10032,FC Lugano,1908,67,64,70,69,28500
10846,Burgos CF,1994,69,68,70,69,2540
15001,Lyngby BK,1921,64,63,65,63,3600
15009,Altach,1929,64,65,64,65,9700
15015,Burton Albion,1950,64,64,63,65,5750
15040,WSG Tirol,1930,65,64,66,63,10350
15048,Tranmere Rovers,1884,61,61,60,62,2300
100081,Kortrijk,1971,66,65,65,67,27000
100087,OH Leuven,2002,69,68,69,65,23000
100135,APOEL Nicosia FC,1926,69,68,69,70,35000
100325,HJK Helsinki,1907,64,64,65,63,6100
100409,FC Augsburg,1907,74,73,74,75,145345
100632,Go Ahead Eagles,1902,66,67,66,67,16100
100634,Heracles Almelo,1903,66,66,66,67,25450
100646,Sparta Rotterdam,1888,68,67,68,67,26340
100757,Dinamo București,1948,64,63,64,64,2200
100761,FCSB,2003,69,68,69,69,13000
100804,St. Johnstone,1884,64,62,63,63,4000
100805,St. Mirren,1877,64,64,68,62,3200
100831,AD Alcorcón,1971,66,66,66,65,2500
100851,FC Cartagena,1995,68,70,68,67,3000
100888,CD Leganés,1928,68,69,68,68,10750
101007,MKE Ankaragücü,1910,69,68,68,70,24730
101014,Istanbul Başakşehir FK,2014,72,71,72,73,49500
101016,Adana Demirspor,1940,72,73,74,70,34000
101020,Kayserispor,1966,66,68,66,72,17000
101028,Hatayspor,1967,67,65,66,68,20600
101033,Konyaspor,1922,69,71,69,66,24800
101037,Çaykur Rizespor,1953,65,64,66,65,13800
101041,Sivasspor,1967,67,66,69,67,20000
101047,Dynamo Kyiv,1927,71,72,72,69,100000
101059,Shakhtar Donetsk,1936,72,70,71,74,160000
101083,Estudiantes de La Plata,1905,72,72,72,71,90500
101084,Gimnasia y Esgrima La Plata,1887,68,68,69,68,10000
101085,Racing Club de Avellaneda,1903,73,73,73,72,78100
101088,Vélez Sarsfield,1910,70,71,69,71,70000
101097,Audax Italiano,1910,65,65,67,66,12600
101100,Atlético Nacional,1947,70,68,70,70,47500
101101,Junior de Barranquilla,1924,69,69,70,74,41500
101103,Independiente Medellín,1913,70,69,70,71,32000
101104,Independiente Santa Fe,1941,68,69,67,69,25500
101105,Millonarios,1946,71,71,70,72,44500
101108,Olimpia Asunción,1902,70,69,69,69,52500
101109,Defensor Sporting,1913,67,67,67,66,17100
101110,Peñarol,1891,69,69,70,72,43200
101112,Vancouver Whitecaps,1974,68,68,67,70,193500
105035,Holland,1889,82,83,80,82,0
110062,Girona FC,1930,76,76,76,75,8000
110069,CD Mirandés,1927,64,65,64,67,2500
110072,ASC Oțelul Galați,1964,62,61,63,61,2800
110075,Farul Constanța,1920,67,66,68,66,6200
110078,Petrolul Ploiești,1924,64,64,65,64,3200
110081,Northern Ireland,1880,69,71,71,66,0
110093,Independiente,1904,70,69,69,71,182300
110176,SSV Ulm 1846,1970,62,62,61,62,2900
110178,SV Sandhausen,1916,65,64,63,67,10205
110242,Racing de Ferrol,1919,66,66,67,68,2000
110313,Accrington Stanley,1968,60,58,62,59,3300
110321,Pau FC,1995,66,66,65,66,17000
110329,FC St. Pauli,1910,69,69,69,68,34200
110373,Salernitana,1919,73,71,72,77,70000
110374,Fiorentina,1926,78,78,78,78,270000
110394,Arsenal de Sarandí,1957,66,66,67,65,7500
110395,Lanús,1915,71,71,71,71,54700
110396,Newell's Old Boys,1903,69,70,69,68,24000
110404,Banfield,1896,68,67,68,68,15300
110406,Colón,1905,70,70,70,70,23500
110456,Valenciennes FC,1913,65,65,65,67,21000
110468,Viktoria Plzeň,1911,73,72,73,72,40000
110482,Hallescher FC,1966,64,64,63,63,4890
110500,Eintracht Braunschweig,1895,67,67,68,67,9372
110501,SC Verl,1924,63,64,63,64,2250
110502,SV Darmstadt 98,1898,71,70,71,70,49980
110532,SV Waldhof Mannheim,1907,64,65,63,64,3780
110556,Genoa,1893,72,71,72,75,75000
110580,Rosario Central,1889,70,70,70,64,30000
110581,Patronato,1914,63,63,65,62,4800
110588,1. FC Magdeburg,1965,68,68,68,68,9615
110636,Fortuna Düsseldorf,1895,70,70,71,69,54300
110645,Viktoria Köln,2010,65,65,65,63,4400
110676,Borussia Dortmund II,1909,63,63,62,64,5509
110691,SC Freiburg II,1904,62,60,62,63,4930
110720,Blau-Weiß Linz,1938,62,61,62,64,6500
110724,KV Mechelen,1904,68,68,68,67,33000
110738,Pisa,1909,70,69,70,70,36000
110740,Reggiana,1919,66,62,67,66,5750
110745,Jagiellonia Białystok,1920,65,64,64,70,6200
110746,Pogoń Szczecin,1948,67,67,67,69,7900
110747,Cracovia,1906,65,65,66,64,6400
110749,Zagłębie Lubin,1945,66,65,66,66,6900
110750,UTA Arad,1945,64,64,63,64,3550
110751,Universitatea Cluj,1919,65,65,65,63,2400
110752,FC Botoșani,2001,63,63,64,62,4600
110765,Incheon United,2003,67,66,70,68,11350
110776,Gaziantep FK,1988,67,66,69,69,16200
110799,Sutton United,1898,61,62,61,61,2400
110815,Politehnica Iași,2010,63,61,63,62,2100
110827,Real Oviedo,1926,70,70,70,70,3900
110832,Granada CF,1931,73,74,73,75,50000
110839,SD Huesca,1960,68,68,67,67,4500
110890,Crawley Town,1896,60,60,59,60,2100
110902,Villarreal B,1999,65,65,67,63,2500
110908,Catanzaro,1929,66,66,65,68,10300
110953,Instituto de Córdoba,1918,69,67,69,69,6000
110955,Shanghai Shenhua,1951,66,65,68,65,13130
110967,Blooming,1946,65,62,65,67,10400
110968,Bolívar,1925,67,66,66,68,16400
110969,The Strongest,1908,67,67,65,69,14600
110970,Oriente Petrolero,1955,64,65,64,67,11200
110975,Universidad Católica,1937,69,70,69,72,36500
110978,Cobresal,1979,67,65,67,71,15000
110980,Colo-Colo,1925,71,67,72,69,44200
110981,Barcelona SC Guayaquil,1925,71,69,71,73,35500
110982,Deportivo Cuenca,1971,67,66,68,67,11500
110984,Emelec,1929,69,68,69,69,30000
110986,LDU Quito,1918,70,70,71,71,28900
110987,SD Aucas,1945,67,64,66,68,19000
110989,Caracas FC,1967,66,66,66,67,13000
110990,Deportivo Táchira,1974,66,66,66,67,13200
110993,Monagas Sport Club,1987,66,66,67,65,11200
110998,Danubio FC,1932,67,67,67,67,16200
111004,Tacuary FBC,1923,63,63,64,62,8000
111008,Libertad,1905,71,71,64,71,45500
111010,Alianza Lima,1901,70,71,70,72,30000
111011,Cienciano,1901,67,66,68,69,17000
111013,Sporting Cristal,1955,69,70,70,69,31300
111014,Universitario de Deportes,1924,69,69,70,69,27530
111019,Argentinos Juniors,1904,72,72,71,72,16500
111022,Belgrano de Córdoba,1905,69,68,69,68,10500
111042,Goiás,1943,69,69,68,70,12500
111052,Fortaleza,1918,71,72,71,71,4400
111065,Real Salt Lake,2004,69,67,69,72,211500
111083,Korona Kielce,1973,64,63,64,64,3400
111085,ŁKS Łódź,1908,63,63,63,64,3000
111086,Piast Gliwice,1945,66,65,66,66,6300
111088,Radomiak Radom,1910,66,66,66,67,4500
111092,Śląsk Wrocław,1947,64,64,64,66,6200
111111,Morocco,1955,78,79,75,78,0
111117,Fatih Karagümrük S.K.,1926,67,67,67,67,18200
111132,UCD,1895,55,55,55,54,915
111138,Minnesota United FC,2010,70,67,71,71,250000
111139,CF Montréal,1993,67,66,69,67,199000
111140,Portland Timbers,2009,70,68,70,69,351000
111144,Seattle Sounders,2007,71,69,73,71,364500
111235,1. FC Heidenheim,2007,71,71,70,73,34440
111239,FC Ingolstadt 04,2004,65,65,65,64,12500
111276,USL Dunkerque,1909,63,63,65,63,13000
111325,Nacional de Montevideo,1899,70,70,70,71,47000
111326,Liverpool Fútbol Club Uruguay,1915,68,67,68,69,25200
111328,Palestino,1920,67,68,66,69,16500
111329,Guaraní (Paraguay),1903,67,65,66,71,19500
111332,Estudiantes de Mérida,1971,65,65,64,66,9100
111334,Melgar FBC,1915,68,68,68,69,22750
111339,Kasımpaşa,1921,66,67,66,67,20230
111380,Almere City FC,2001,64,64,65,64,15200
111393,Adelaide United,2003,64,64,64,63,8000
111395,Brisbane Roar,2005,61,62,62,61,11000
111396,Central Coast Mariners,2004,62,63,64,60,5500
111397,Melbourne Victory,2004,65,64,65,67,11500
111398,Newcastle Jets,2000,61,61,62,58,7000
111399,Perth Glory,1995,62,63,61,63,8700
111400,Sydney FC,2004,62,63,62,63,12500
111434,Cremonese,1903,71,70,72,71,50000
111462,Ghana,1957,76,75,77,77,0
111473,New Zealand,1891,67,66,66,67,0
111527,Qatar,1960,68,68,69,68,0
111539,Vizela,1939,68,69,69,67,5600
111592,NG - FA,2000,0,0,0,0,0
111596,MLS All Stars,1996,76,71,76,73,0
111629,East Bengal FC,1920,59,59,59,66,3400
111651,Toronto FC,2006,68,64,72,63,350000
111657,Frosinone,1928,68,66,70,67,30000
111659,Rodez Aveyron Football,1929,65,65,65,65,16000
111674,Al Shabab,1947,69,68,70,68,75500
111701,Al Ain FC (UAE),1968,69,68,70,78,76000
111705,IF Brommapojkarna,1942,62,62,63,62,3150
111706,Godoy Cruz,1921,70,70,70,69,22000
111708,Atlético Tucumán,1902,70,69,71,69,10000
111710,Defensa y Justicia,1935,71,71,71,72,18100
111711,Huracán,1908,70,69,71,70,18300
111715,Tigre,1902,70,68,71,70,12000
111716,Unión de Santa Fe,1907,68,68,68,66,11000
111722,Deportes Tolima,1954,69,67,69,69,35700
111724,Shandong Taishan,1956,69,68,68,73,10500
111766,Wellington Phoenix,2007,62,62,61,62,5900
111768,Beijing Guoan,1951,67,67,67,71,11880
111769,Changchun Yatai,1996,64,61,63,72,11150
111773,Shenzhen FC,1994,60,59,57,63,6080
111774,Tianjin Jinmen Tiger,1951,63,62,65,70,6080
111779,Henan Songshan Longmen FC,1958,64,63,63,68,5230
111811,AC Monza,1912,75,74,76,76,47500
111817,Paris FC,1969,67,65,68,67,38000
111822,Wolfsberger AC,1931,66,67,66,67,15000
111928,San Jose Earthquakes,1994,69,68,70,72,240000
111974,Sassuolo,1920,75,72,74,78,110000
111993,Cittadella,1973,65,66,65,64,14500
112001,América Mineiro,1912,70,71,69,67,3250
112072,Mjällby AIF,1939,62,63,62,62,3200
112096,Al Ettifaq,1945,69,66,67,73,25480
112115,Gangwon FC,2008,66,65,66,66,11180
112126,IFK Värnamo,1912,63,62,63,65,3100
112134,Philadelphia Union,2008,71,71,71,71,266000
112139,Al Nassr,1955,75,70,75,86,295780
112163,Zhejiang Professional FC,1998,64,62,64,72,8050
112168,Cosenza,1914,66,66,67,67,9500
112172,RB Leipzig,2009,80,79,79,82,569125
112184,River Plate Montevideo,1932,67,66,68,66,15450
112199,Sarpsborg 08,2008,64,63,66,60,8050
112222,Harrogate Town,1914,62,62,61,61,2450
112224,Melbourne City,2009,66,65,66,69,12877
112254,Newport County,1912,60,60,60,60,2000
112258,Gwangju FC,2010,65,66,67,64,10750
112259,AFC Wimbledon,2002,62,61,62,62,2500
112260,Fleetwood Town,1908,64,64,64,63,5500
112264,Youth Squad,1800,0,0,0,0,0
112288,Bombers,2000,45,41,43,47,0
112301,Avengers,2000,61,56,60,65,0
112303,Blazers,2000,49,41,44,48,0
112304,Bulldogs,2000,48,49,43,47,0
112378,Dalian Professional,2009,61,59,62,64,4390
112387,Al Ahli,1937,71,61,70,71,250730
112390,Al Fateh,1958,69,68,68,73,17950
112392,Al Raed,1954,63,61,64,68,18650
112393,Al Taawoun,1956,66,63,71,72,32100
112408,Al Wehda,1945,64,62,63,72,15230
112427,Western Sydney Wanderers,2012,64,63,62,69,6300
112428,Create Player Team,2011,0,0,0,0,0
112472,RB Bragantino,1928,74,75,73,74,18000
112494,Südtirol,1995,67,66,67,67,14000
112499,Feralpisalò,2009,66,66,66,66,5000
112511,Warta Poznań,1912,64,65,64,66,2500
112513,Arouca,1951,69,70,69,68,5700
112540,Shanghai Port,2005,68,67,69,70,22850
112552,Quevilly Rouen Métropole,1902,65,65,66,65,14000
112558,Suwon FC,2003,67,65,67,68,9800
112572,Al Tai,1960,64,64,65,60,7400
112578,Águilas Doradas Rionegro,2008,68,68,69,69,19000
112585,Ñublense,1916,67,66,67,67,17500
112606,Orlando City SC,2010,70,67,71,72,275500
112670,Talleres de Córdoba,1913,73,71,74,74,20000
112689,Platense,1905,69,69,69,68,5500
112707,Magallanes,1897,66,66,66,66,14000
112713,Sarmiento,1911,68,69,67,68,5000
112716,Cerro Porteño,1912,68,66,67,69,44500
112744,Deportivo Pereira,1944,69,70,69,70,18000
112809,Famalicão,1931,70,70,70,71,15000
112828,New York City FC,2013,69,69,70,70,326500
112883,Al Khaleej,1945,65,65,65,61,9050
112885,Atlanta United FC,2014,69,69,66,68,40000
112893,Inter Miami,2018,73,72,76,70,330000
112908,Independiente del Valle,1958,71,69,73,71,45000
112914,Metropolitanos FC,2012,65,64,66,65,12500
112965,Central Córdoba,1919,69,70,68,72,7300
112979,Nantong Zhiyun,2014,60,60,60,63,4060
112985,Cangzhou Mighty Lions,2001,63,63,61,69,6800
112996,Los Angeles FC,2014,72,72,71,74,427500
113000,Canada Women,1986,81,82,80,77,0
113002,England Women,1972,84,83,84,85,0
113003,France Women,1904,83,83,83,84,0
113004,Germany Women,1982,84,83,84,87,0
113007,Norway Women,1902,78,73,80,82,0
113008,Sweden Women,1904,81,80,81,81,0
113009,United States Women,1985,84,82,84,86,0
113010,Mexico Women,1923,75,72,75,77,0
113011,Holland Women,1971,80,81,79,82,0
113012,Spain Women,1983,82,82,84,81,0
113018,St. Louis City SC,2020,68,66,68,71,185000
113029,Universidad César Vallejo,1946,66,67,66,68,18000
113037,Al Riyadh,1953,62,60,65,58,10500
113040,NorthEast United,2014,57,55,59,58,1500
113044,Barracas Central,1904,68,68,69,69,6000
113057,Al Fayha,1953,66,62,67,70,13100
113058,Abha Club,1966,65,62,67,55,11600
113060,Al Okhdood,1976,63,63,61,70,6500
113142,Alanyaspor,1948,69,68,70,69,36100
113146,Mohun Bagan Super Giant,2020,63,63,63,65,7100
113149,FC Cincinnati,2018,70,68,72,72,226500
113182,FC Voluntari,2010,65,65,64,64,3300
113217,Damac FC,1972,65,66,65,62,11900
113222,Al Hazem,1957,63,61,66,57,6700
113257,Odisha FC,2019,59,59,59,60,2450
113297,Chennaiyin FC,2014,56,54,56,62,3000
113298,FC Goa,2014,61,62,60,65,2500
113299,Kerala Blasters FC,2014,59,59,59,61,4000
113300,Mumbai City FC,2014,62,61,64,62,6000
113301,Hyderabad FC,2019,58,56,60,58,1950
113302,Bengaluru FC,2013,60,61,60,62,4000
113356,SD Amorebieta,1925,66,66,66,65,2450
113378,Sepsi OSK,2011,66,65,66,65,5750
113394,Belgium Women,1895,75,73,76,74,0
113458,IK Sirius,1907,62,61,65,61,3150
113742,US Concarneau,1911,63,63,61,63,9000
113743,Varbergs BoIS,1925,62,62,62,57,2800
113892,Degerfors IF,1907,63,63,63,63,2500
113926,Salford City,1940,63,64,64,63,2430
113973,Brisigonza,1914,65,65,64,64,10000
113974,Spezia,1906,72,70,71,71,76000
113984,Scotland Women,1873,76,74,78,76,0
113996,Argentina Women,1993,73,72,73,77,0
114004,Stal Mielec,1939,63,62,64,66,3190
114019,Look Book Character Team,2000,41,14,29,66,0
114023,Western United FC,2017,64,64,65,64,6000
114147,FC Hermannstadt,2015,65,64,65,63,2700
114161,Austin FC,2019,68,66,69,68,200000
114162,Nashville SC,2017,69,71,70,68,210000
114168,Jamshedpur FC,2017,58,55,58,64,1600
114326,Raków Częstochowa,1921,69,69,69,69,11000
114385,CFR Cluj,1907,67,66,68,66,7200
114393,Puszcza Niepołomice,1923,61,61,61,61,3000
114510,Casa Pia,1920,71,71,69,71,5500
114554,FC Andorra,1942,68,68,67,61,2500
114580,Delfín SC,1989,65,64,66,67,13000
114582,Deportivo Binacional,2010,65,64,67,64,13000
114600,Guabirá,1962,64,63,64,64,7000
114604,Macarthur FC,2020,63,62,62,72,8571
114611,Academia Puerto Cabello,2014,67,67,66,68,14000
114628,Meizhou Hakka,2013,61,63,61,59,5800
114640,Charlotte FC,2021,68,66,68,73,190000
114815,Soccer Aid,2020,90,89,91,90,0
114912,Roma,1927,80,81,78,81,660000
115201,FC Stade-Lausanne Ouchy,1895,64,63,64,64,8000
115202,Punjab FC,2020,54,52,54,59,1400
115358,Palmaflor del Trópico,2008,64,63,64,64,9000
115486,Create Club Team,2020,0,0,0,0,0
115682,Portugal Women,1914,75,74,76,75,0
115716,FC U Craiova 1948,1991,65,64,66,64,3500
115841,Lazio,1900,80,79,79,81,320000
115845,Atalanta,1907,78,77,78,79,350000
115995,Bayern München,1900,82,80,83,86,1000
115996,Bayer 04 Leverkusen,1904,74,74,75,74,1000
115997,Eintracht Frankfurt,1899,78,78,81,79,1000
115998,VfL Wolfsburg,1945,83,82,83,87,1000
115999,TSG 1899 Hoffenheim,1899,77,78,77,78,1000
116001,SGS Essen,1968,73,72,73,73,1000
116002,SC Freiburg,1904,77,77,80,77,1000
116003,1. FC Köln,1948,72,72,73,74,1000
116004,Werder Bremen,1899,72,73,73,72,1000
116007,General Caballero (JLM),1962,64,64,65,63,7500
116009,Arsenal,1886,83,80,83,84,1000
116010,Chelsea,1905,83,83,82,87,1000
116011,Tottenham Hotspur,1882,76,78,75,78,1000
116012,Manchester United,1878,79,77,81,77,1000
116013,Brighton & Hove Albion,1901,74,74,74,75,1000
116014,West Ham United,1895,74,75,74,73,1000
116015,Aston Villa,1874,76,75,77,78,1000
116016,Everton,1878,74,75,74,76,1000
116017,Manchester City,1880,80,79,81,83,1000
116020,Leicester City,1884,71,70,70,76,1000
116021,RB Leipzig,2009,71,71,71,77,1000
116033,Olympique Lyonnais,1950,84,84,83,87,1000
116034,Paris Saint-Germain,1970,81,81,80,84,1000
116035,Paris FC,1969,77,74,80,77,1000
116036,FC Fleury 91,1970,76,74,78,77,1000
116037,Montpellier HSC,1974,77,78,77,79,1000
116038,Girondins de Bordeaux,1881,70,70,68,71,1000
116039,Dijon FCO,1998,72,73,72,74,1000
116040,Stade de Reims,1931,72,71,74,71,1000
116042,En Avant Guingamp,1912,73,72,73,75,1000
116044,AS Saint-Étienne,1919,71,70,71,72,1000
116280,Juventus,1897,81,81,80,83,1000
116295,Sportivo Ameliano,1936,64,63,65,61,9500
116300,OL Reign,2012,79,80,79,75,1000
116302,Portland Thorns FC,2012,80,77,80,83,1000
116303,North Carolina Courage,2017,76,76,75,71,1000
116304,Washington Spirit,2012,77,75,77,83,1000
116305,Chicago Red Stars,2006,77,77,76,74,1000
116306,Houston Dash,2013,78,78,75,77,1000
116307,Orlando Pride,2015,74,74,74,74,1000
116308,Racing Louisville FC,2019,76,78,75,76,1000
116309,Kansas City Current,2020,79,75,79,75,1000
116310,NJ / NY Gotham FC,2007,77,77,77,78,1000
116311,Angel City FC,2020,79,75,78,81,1000
116312,San Diego Wave FC,2021,80,79,79,84,1000
116325,FC Barcelona,1899,86,86,88,84,1000
116326,Real Madrid,1902,79,78,81,78,1000
116327,Atlético de Madrid,1903,79,78,79,81,1000
116328,Athletic Club de Bilbao,1898,74,73,74,74,1000
116330,Real Betis Balompié,1907,71,71,73,66,1000
116331,SD Eibar,1940,69,69,68,71,1000
116332,UDG Tenerife,2013,74,74,74,74,1000
116333,Levante UD,1909,79,78,79,82,1000
116334,Madrid CFF,2010,76,77,76,78,1000
116336,Real Sociedad,1909,76,75,76,77,1000
116337,Sevilla FC,1905,74,73,75,76,1000
116338,Sporting Club de Huelva,2004,71,72,71,69,1000
116339,Valencia CF,1919,73,72,74,75,1000
116340,Villarreal CF,1923,70,70,72,69,1000
116343,Liverpool,1892,74,74,74,72,1000
116360,Chengdu Rongcheng F.C.,2018,66,64,63,71,9550
116361,Wuhan Three Towns,2013,69,69,67,73,16950
116365,Napoli,1930,81,80,82,82,660000
116416,Le Havre AC,1872,74,74,73,74,1000
116428,Iceland Women,1981,73,73,74,73,0
131106,MSV Duisburg,2014,73,73,74,68,1000
131110,CD Eldense,1921,66,65,67,67,1700
131125,FC Levante Las Planas,1983,71,70,70,73,1000
131173,Qingdao Hainiu FC,1990,62,62,63,70,3780
131219,LOSC Lille,1944,71,72,71,70,1000
131283,Bristol City,1894,70,69,68,72,1000
131358,Benfica,1904,74,73,74,75,1000
131359,Ajax,1900,74,74,76,73,1000
131360,Slavia Praha,1892,72,74,70,72,1000
131361,FC Zürich,1896,72,72,72,76,1000
131362,FC Rosengård,1917,74,74,75,75,1000
131363,Glasgow City,1998,71,70,70,71,1000
131386,1. FC Nürnberg,1900,70,71,69,70,1000
131389,Pendikspor,1950,66,67,67,67,11200
131391,Granada CF,1931,70,68,71,69,1000
131447,AC Beauruelle,1950,66,65,67,65,10000